Unnamed: 0,review,review_tokenize,label,domain
0,gÃ³i hÃ ng cáº©n tháº­n . chÆ¡i pubg vá»›i liÃªn quÃ¢n mÆ°á»£t vá»›i giÃ¡ nhÆ° nÃ y thÃ¬ quÃ¡ tá»‘t,gÃ³i hÃ ng cáº©n_tháº­n . chÆ¡i pubg vá»›i liÃªn_quÃ¢n mÆ°á»£t vá»›i giÃ¡_nhÆ° nÃ y thÃ¬ quÃ¡ tá»‘t,0.0,mobile
1,mÃ¬nh gÃ³p Ã½ tháº­t nhÃ©.. Ä‘á»«ng báº¯t pháº£i Ä‘Äƒng nháº­p zalo ná»¯a mÃ¬nh muá»‘n táº£i nháº¡c mÃ  khÃ´ng Ä‘Æ°á»£c láº¥y láº¡i tÃ´i khÃ´ng zalo thÃ¬ gá»­i tin nháº¯n máº¥t tiá»n Ä‘Æ°á»£c mÃ£ kÃ­ch hoáº¡t láº¡i khÃ´ng chÃ­nh xÃ¡c.. mÃ¬nh tháº¥y 10 ngÆ°Ã²i thÃ¬ há» khÃ³ chá»‹u cáº£ 10.. láº­p trÃ¬nh viÃªn viáº¿t ra á»©ng dá»¥ng ngÃ y cÃ ng dá»… sá»­ dá»¥ng Ä‘áº±ng nÃ y cÃ ng ngÃ y láº¡i cÃ ng phá»©c táº¡p vÃ ... bÃ i Ä‘Ã¡nh giÃ¡ Ä‘áº§y Ä‘á»§,mÃ¬nh gÃ³p_Ã½ tháº­t nhÃ© . . Ä‘á»«ng báº¯t pháº£i Ä‘Äƒng_nháº­p zalo ná»¯a mÃ¬nh muá»‘n táº£i nháº¡c mÃ  khÃ´ng Ä‘Æ°á»£c láº¥y láº¡i tÃ´i khÃ´ng zalo thÃ¬ gá»­i tin nháº¯n máº¥t tiá»n Ä‘Æ°á»£c mÃ£ kÃ­ch_hoáº¡t láº¡i khÃ´ng chÃ­nh_xÃ¡c . . mÃ¬nh tháº¥y 10 ngÆ°Ã²i thÃ¬ há» khÃ³_chá»‹u cáº£ 10 . . láº­p_trÃ¬nh_viÃªn viáº¿t ra á»©ng_dá»¥ng ngÃ y_cÃ ng dá»… sá»­_dá»¥ng Ä‘áº±ng nÃ y cÃ ng ngÃ y láº¡i cÃ ng phá»©c_táº¡p vÃ  ... bÃ i Ä‘Ã¡nh_giÃ¡ Ä‘áº§y_Ä‘á»§,1.0,app
2,"mÃ¡y khÃ¡ Ä‘áº¹p,pin trÃ¢u vÃ¢n tay nháº¡y nháº­n diá»‡n khuÃ´n máº·t nhanh nÃ³i chung á»•n.tuy chÆ¡i game frE fire bá»‹ cháº­m khung hÃ¬nh khÃ´ng mÆ°á»£t láº¯m nhÆ°ng vá»›i giÃ¡ giáº«m ngÃ y 1111 Ä‘Æ°á»£c aD mÃ£ giáº£m giÃ¡ 200k cÃ²n hÆ¡n 2tr6 thÃ¬ váº­y lÃ  ngon rá»“i","mÃ¡y khÃ¡ Ä‘áº¹p , pin trÃ¢u vÃ¢n tay nháº¡y nháº­n_diá»‡n khuÃ´n_máº·t nhanh nÃ³i_chung á»•n . tuy chÆ¡i game frE fire bá»‹ cháº­m khung hÃ¬nh khÃ´ng mÆ°á»£t láº¯m nhÆ°ng vá»›i giÃ¡ giáº«m ngÃ y 1111 Ä‘Æ°á»£c aD mÃ£ giáº£m_giÃ¡ 200k cÃ²n hÆ¡n 2tr6 thÃ¬ váº­y lÃ  ngon rá»“i",1.0,mobile
3,"má»™t má»› lá»—i: khÃ´ng xem láº¡i Ä‘Æ°á»£c bÃ i test, khÃ´ng hiá»‡n link( vÃ­ dá»¥ nhÆ° lÃ  youtube khi chia sáº») khÃ´ng copy Ä‘Æ°á»£c tá»« khÃ´ng biáº¿t Ä‘á»ƒ dá»‹ch. lÃ m Æ¡n cho vá» báº£n web Ä‘i","má»™t má»› lá»—i : khÃ´ng xem_láº¡i Ä‘Æ°á»£c bÃ i test , khÃ´ng hiá»‡n link ( vÃ­_dá»¥ nhÆ° lÃ  youtube khi chia_sáº» ) khÃ´ng copy Ä‘Æ°á»£c tá»« khÃ´ng biáº¿t Ä‘á»ƒ dá»‹ch . lÃ m_Æ¡n cho vá» báº£n web Ä‘i",1.0,app
4,Ä‘áº·c máº«u xanh mÃ  sao giao máº«u nÃ y váº­y  cá»­a hÃ ng ,Ä‘áº·c máº«u xanh mÃ  sao giao máº«u nÃ y váº­y cá»­a_hÃ ng,1.0,fashion
5, Ä‘áº¹p  lam luon... ung há»™  cá»­a hÃ ng  dÃ i dÃ i ná»¯a ğŸ˜˜ğŸ˜˜ğŸ˜˜ğŸ˜˜ğŸ˜˜,Ä‘áº¹p lam luon ... ung há»™ cá»­a_hÃ ng dÃ i_dÃ i ná»¯a ğŸ˜˜ ğŸ˜˜ ğŸ˜˜ ğŸ˜˜ ğŸ˜˜,0.0,fashion
6,mÃ¡y má»›i nguyÃªn zin ráº¥t Ä‘Æ°á»£c,mÃ¡y má»›i nguyÃªn zin ráº¥t Ä‘Æ°á»£c,0.0,mobile
7,"hÃ ng giao nhanh má»›i Ä‘áº·t tá»« trÆ°a qua mÃ  sÃ¡ng ngÃ y hÃ´m sau Ä‘Ã£ Ä‘áº¿n nÆ¡i rá»“i,hÃ ng Ä‘Æ°á»£c Ä‘Ã³ng gÃ³i cáº©n tháº­n cháº¯c cháº¯n,mÃ¬nh mua Ä‘Ãºng dá»‹p khuyáº¿n mÃ£i nÃªn vá»«a Ä‘Æ°á»£c táº·ng kÃ¨m maCara láº¡i cÃ²n Ä‘Æ°á»£c giáº£m giÃ¡ vá»›i frE giao hÃ ng ná»¯a chá»©","hÃ ng giao nhanh má»›i Ä‘áº·t tá»« trÆ°a qua mÃ  sÃ¡ng ngÃ y hÃ´m sau Ä‘Ã£ Ä‘áº¿n nÆ¡i rá»“i , hÃ ng Ä‘Æ°á»£c Ä‘Ã³ng_gÃ³i cáº©n_tháº­n cháº¯c_cháº¯n , mÃ¬nh mua Ä‘Ãºng dá»‹p khuyáº¿n_mÃ£i nÃªn vá»«a Ä‘Æ°á»£c táº·ng kÃ¨m maCara láº¡i cÃ²n Ä‘Æ°á»£c giáº£m_giÃ¡ vá»›i frE giao hÃ ng ná»¯a chá»©",0.0,cosmetic
8, sáº£n pháº©m  Ä‘áº¹p. ráº¥t Æ°ng Ã½,sáº£n_pháº©m Ä‘áº¹p . ráº¥t Æ°ng_Ã½,0.0,fashion
9,"mÃ¬nh há»“i trÆ°á»›c cÃ³ xÃ i thá»­ decumar nhÆ°ng khÃ´ng cÃ³ hiá»‡u  quáº£  nhiá»u. chuyá»ƒn qua nhÃ£n_hiá»‡u dÃ¹ng trong láº§n Ä‘áº§u thÃ¬ tháº¥y hiá»‡u  quáº£  rÃµ rá»‡t, da má»m má»‹n hÆ¡n, váº¿t má»¥n bá»›t sÆ°ng Ä‘á». ráº¥t hÃ i lÃ²ng vá»›i sáº£n pháº©m ^^","mÃ¬nh há»“i trÆ°á»›c cÃ³ xÃ i thá»­ decumar nhÆ°ng khÃ´ng cÃ³ hiá»‡u_quáº£ nhiá»u . chuyá»ƒn qua nhÃ£n_hiá»‡u dÃ¹ng trong láº§n Ä‘áº§u thÃ¬ tháº¥y hiá»‡u_quáº£ rÃµ_rá»‡t , da má»m má»‹n hÆ¡n , váº¿t má»¥n bá»›t sÆ°ng Ä‘á» . ráº¥t hÃ i_lÃ²ng vá»›i sáº£n_pháº©m ^ ^",0.0,cosmetic
10,"tÃ´i cáº­p nháº­t láº¡i aP hack nÃ£o nÃ y tá»« hÃ´m qua lÃºc tÃ´i lÃ m Ä‘Ã£ Ä‘áº¿n unit 40 nhÆ°ng lÃºc cáº­p nháº­t vá» má»Ÿ ra thÃ¬ nÃ³ láº¡i trá»Ÿ vá» unit 28 (lÃºc mÃ  tÃ´i cáº­p nháº­t láº§n Ä‘áº§u tiÃªn ,cÃ²n Ä‘Ã¢y lÃ  láº§n thá»© 2 tÃ´i cáº­p nháº­t) tÃ´i chá»‰ cho aP nÃ y   1star   cho Ä‘áº¿n khi nÃ o aP trá»Ÿ vá» tráº¡ng thÃ¡i ban Ä‘áº§u ( Ä‘á»§ háº¿t 40 unit nhÆ° lÃºc chÆ°a cáº­... bÃ i Ä‘Ã¡nh giÃ¡ Ä‘áº§y Ä‘á»§","tÃ´i cáº­p_nháº­t láº¡i aP hack nÃ£o nÃ y tá»« hÃ´m_qua lÃºc tÃ´i lÃ m Ä‘Ã£ Ä‘áº¿n unit 40 nhÆ°ng lÃºc cáº­p_nháº­t vá» má»Ÿ ra thÃ¬ nÃ³ láº¡i trá»Ÿ vá» unit 28 ( lÃºc mÃ  tÃ´i cáº­p_nháº­t láº§n Ä‘áº§u_tiÃªn , cÃ²n Ä‘Ã¢y lÃ  láº§n thá»© 2 tÃ´i cáº­p_nháº­t ) tÃ´i chá»‰ cho aP nÃ y 1star cho Ä‘áº¿n khi nÃ o aP trá»Ÿ vá» tráº¡ng_thÃ¡i ban_Ä‘áº§u ( Ä‘á»§ háº¿t 40 unit nhÆ° lÃºc chÆ°a cáº­ ... bÃ i Ä‘Ã¡nh_giÃ¡ Ä‘áº§y_Ä‘á»§",1.0,app
11,mÃ¬nh má»›i tiáº¿p xÃºc vÃ  báº¯t Ä‘áº§u tá»± há»c nhÆ°ng Ä‘Ã£ tháº¥y á»©ng dá»¥ng ráº¥t tá»‘t. mong admin sáº½ phÃ¡t triá»ƒn á»©ng dá»¥ng tá»‘t hÆ¡n ná»¯a. cÃ¡m Æ¡n,mÃ¬nh má»›i tiáº¿p_xÃºc vÃ  báº¯t_Ä‘áº§u tá»± há»c nhÆ°ng Ä‘Ã£ tháº¥y á»©ng_dá»¥ng ráº¥t tá»‘t . mong admin sáº½ phÃ¡t_triá»ƒn á»©ng_dá»¥ng tá»‘t hÆ¡n ná»¯a . cÃ¡m_Æ¡n,0.0,app
12,sáº£n pháº©m tá»‘t giÃ¡ ráº» ğŸ‘,sáº£n_pháº©m tá»‘t giÃ¡ ráº» ğŸ‘,0.0,cosmetic
13,"chÃ o tiki, báº¡n giao thiáº¿u hÃ ng cá»§a tÃ´i, tháº­m chÃ­ lÃ  cáº£ giáº¥y biL dÃ¡n lÃªn kiá»‡n cÅ©ng chá»‰ ghi má»™t mÃ³n thÃ´i mÃ  váº«n Ä‘á» thu giÃ¡ tiá»n 2 mÃ³n sao. ? ban Ä‘áº§u khi tháº¥y gÃ³i hÃ ng Ä‘Æ°á»£c Ä‘Ã³ng ráº¥t cáº©n tháº­n lÃ m mÃ¬nh ráº¥t hÃ i lÃ²ng, nhÆ°ng sau khi má»Ÿ ra vÃ  phÃ¡t hiá»‡n lá»—i nÃ y thÃ¬ mÃ¬nh ráº¥t tháº¥t vá»ng, liá»‡u cÃ³ pháº£i báº¡n cá»‘ Ã½ lÃ m... bÃ i Ä‘Ã¡nh giÃ¡ Ä‘áº§y Ä‘á»§","chÃ o tiki , báº¡n giao thiáº¿u hÃ ng cá»§a tÃ´i , tháº­m_chÃ­ lÃ  cáº£ giáº¥y biL dÃ¡n lÃªn kiá»‡n cÅ©ng chá»‰ ghi má»™t mÃ³n thÃ´i mÃ  váº«n Ä‘á» thu giÃ¡ tiá»n 2 mÃ³n sao . ? ban_Ä‘áº§u khi tháº¥y gÃ³i hÃ ng Ä‘Æ°á»£c Ä‘Ã³ng ráº¥t cáº©n_tháº­n lÃ m mÃ¬nh ráº¥t hÃ i_lÃ²ng , nhÆ°ng sau khi má»Ÿ ra vÃ  phÃ¡t_hiá»‡n lá»—i nÃ y thÃ¬ mÃ¬nh ráº¥t tháº¥t_vá»ng , liá»‡u cÃ³ pháº£i báº¡n cá»‘_Ã½ lÃ m ... bÃ i Ä‘Ã¡nh_giÃ¡ Ä‘áº§y_Ä‘á»§",1.0,app
14,giao Ä‘á»§ sáº£n pháº©m... mong lÃ  láº§n sau  cá»­a hÃ ng  giao hÃ ng nÃªn gÃ³i sáº£n pháº©m vÃ o bá»c nhá»±a chá»‘ng xÃ³c... cá»© Ä‘á»ƒ khÃ´ng lÃ´ng trong há»™p nhÆ° váº­y mÃ  cÃ¡i há»™p Ä‘á»±ng thÃ¬ khÃ´ng gian chá»©a quÃ¡ rá»™ng... mong  cá»­a hÃ ng  chÃº Ã½,giao Ä‘á»§ sáº£n_pháº©m ... mong lÃ  láº§n sau cá»­a_hÃ ng giao hÃ ng nÃªn gÃ³i sáº£n_pháº©m vÃ o bá»c nhá»±a chá»‘ng xÃ³c ... cá»© Ä‘á»ƒ khÃ´ng lÃ´ng trong há»™p nhÆ° váº­y_mÃ  cÃ¡i há»™p Ä‘á»±ng thÃ¬ khÃ´ng_gian chá»©a quÃ¡ rá»™ng ... mong cá»­a_hÃ ng chÃº_Ã½,1.0,cosmetic
15,"sáº£n pháº©m nguyÃªn seal, dÃ³ng goi cáº©n tháº­n","sáº£n_pháº©m nguyÃªn seal , dÃ³ng goi cáº©n_tháº­n",0.0,mobile
16,"má»›i dÃ¹ng 2 ngÃ y chÆ°a tháº¥y hiá»‡u  quáº£  láº¯m.  Ä‘Æ°á»£c  cÃ¡i nhÃ¬n da min vÃ  lÃ¡ng hÆ¡n. tinh cháº¥t tháº¥m nhanh vÃ  khÃ´ng gÃ¢y dáº§u ná»¯a. má»—i tá»™i lazada váº­n chuyá»ƒn hÃ ng táº¹ quÃ¡, khÃ´ng háº¿t vá» há»™p bung lá» tinh cháº¥t ra ngoÃ i lÃ m mÃ¬nh cá»© lo hÃ ng giáº£ nhÆ°ng test láº¡i vá»›i thuá»‘c sÃ¡t trÃ¹ng thÃ¬ váº«n Ä‘Ãºng. hy vá»ng dÃ¹ng má»™t thá»i gian ná»¯a da sáº½ cÃ³ cáº£i thiá»‡n","má»›i dÃ¹ng 2 ngÃ y chÆ°a tháº¥y hiá»‡u_quáº£ láº¯m . Ä‘Æ°á»£c cÃ¡i nhÃ¬n da min vÃ  lÃ¡ng hÆ¡n . tinh_cháº¥t tháº¥m nhanh vÃ  khÃ´ng gÃ¢y dáº§u ná»¯a . má»—i tá»™i lazada váº­n_chuyá»ƒn hÃ ng táº¹ quÃ¡ , khÃ´ng háº¿t vá» há»™p bung lá» tinh_cháº¥t ra ngoÃ i lÃ m mÃ¬nh cá»© lo hÃ ng giáº£ nhÆ°ng test láº¡i vá»›i thuá»‘c sÃ¡t_trÃ¹ng thÃ¬ váº«n Ä‘Ãºng . hy_vá»ng dÃ¹ng má»™t thá»i_gian ná»¯a da sáº½ cÃ³ cáº£i_thiá»‡n",1.0,cosmetic
17,"pháº§n má»m chay tá»‘t, thÆ°á»ng xuyÃªn Ä‘Æ°á»£c cáº­p nháº­t thÃªm tá»‰nh nÄƒng má»›i. mong moi ngÆ°á»i cÃ i Ä‘áº·t Ä‘á»ƒ báº£o vá»‡ mÃ¬nh vÃ  báº£o vá»‡ cá»™ng Ä‘á»“ng.","pháº§n_má»m chay tá»‘t , thÆ°á»ng_xuyÃªn Ä‘Æ°á»£c cáº­p_nháº­t thÃªm tá»‰nh nÄƒng má»›i . mong moi ngÆ°á»i cÃ i_Ä‘áº·t Ä‘á»ƒ báº£o_vá»‡ mÃ¬nh vÃ  báº£o_vá»‡ cá»™ng_Ä‘á»“ng .",0.0,app
18,Ä‘Æ°á»£c lÃ m báº¡n,Ä‘Æ°á»£c lÃ m_báº¡n,0.0,fashion
19,"em cÃ³ má»™t tÃ i khoáº£n láº§n Ä‘áº§u em bá»‹ máº¥t xim nÃªn em Ä‘Ã£ thÃªm sá»‘ Ä‘iá»‡n thoáº¡i má»›i. tháº¿ mÃ  má»›i vá»«a rá»“i em Ä‘á»•i máº­t kháº©u quÃªn khuáº¥y máº¥t. nÃªn em dÃ¹ng sá»‘ má»›i Ä‘á»ƒ quÃªn máº­t kháº©u mÃ  nÃ³ cá»© Ä‘Ã²i gá»­i mÃ£ vá» sá»‘ Ä‘iá»‡n thoáº¡i cÅ© kia. bÃ¢y giá» em khÃ´ng biáº¿t lÃ m nhÆ° tháº¿ nÃ y cáº£, tÃ i khoáº£n áº¥y em chÆ¡i máº¥y nÄƒm rá»“i .","em cÃ³ má»™t tÃ i_khoáº£n láº§n Ä‘áº§u em bá»‹ máº¥t xim nÃªn em Ä‘Ã£ thÃªm sá»‘ Ä‘iá»‡n_thoáº¡i má»›i . tháº¿_mÃ  má»›i vá»«a_rá»“i em Ä‘á»•i máº­t_kháº©u quÃªn_khuáº¥y máº¥t . nÃªn em dÃ¹ng sá»‘ má»›i Ä‘á»ƒ quÃªn máº­t_kháº©u mÃ  nÃ³ cá»© Ä‘Ã²i gá»­i mÃ£ vá» sá»‘ Ä‘iá»‡n_thoáº¡i cÅ© kia . bÃ¢y_giá» em khÃ´ng biáº¿t lÃ m nhÆ° tháº¿ nÃ y cáº£ , tÃ i_khoáº£n áº¥y em chÆ¡i máº¥y nÄƒm rá»“i .",1.0,app
20,"game khÃ¡ hay, nhÆ°ng hÆ¡i máº¥t cÃ¢n báº±ng giá»¯a cÃ¡c phÃ¡i. cáº§n giáº£m sá»©c máº¡nh cá»§a phÃ¡i ngÆ°á»i thÃº Ä‘áº·c biá»‡t lÃ  brutus xem báº£ng xáº¿p háº¡ng toÃ n tháº¥y Ä‘á»™i ngÆ°á»i thÃº thÃ´i chÃ¡n láº¯m. tá»‰ lá»‡ ra tÆ°á»›ng tÃ­m cÅ©ng khÃ¡ tháº¥p. cÃ ng vá» sau thÃ¬ mÃ n chÆ¡i hÆ¡i Ä‘uá»‘i nÃªn lÃ¢u láº¯m má»›i qua Ä‘Æ°á»£c má»™t mÃ n boS. cháº¿ Ä‘á»™ trong game nÃªn phong p... bÃ i Ä‘Ã¡nh giÃ¡ Ä‘áº§y Ä‘á»§","game khÃ¡ hay , nhÆ°ng hÆ¡i máº¥t cÃ¢n_báº±ng giá»¯a cÃ¡c phÃ¡i . cáº§n giáº£m sá»©c_máº¡nh cá»§a phÃ¡i ngÆ°á»i thÃº Ä‘áº·c_biá»‡t lÃ  brutus xem báº£ng xáº¿p_háº¡ng toÃ n tháº¥y Ä‘á»™i ngÆ°á»i thÃº thÃ´i chÃ¡n láº¯m . tá»‰_lá»‡ ra tÆ°á»›ng tÃ­m cÅ©ng khÃ¡ tháº¥p . cÃ ng vá» sau thÃ¬ mÃ n chÆ¡i hÆ¡i Ä‘uá»‘i nÃªn lÃ¢u láº¯m má»›i qua Ä‘Æ°á»£c má»™t mÃ n boS . cháº¿_Ä‘á»™ trong game nÃªn phong p ... bÃ i Ä‘Ã¡nh_giÃ¡ Ä‘áº§y_Ä‘á»§",1.0,app
21,"son Ä‘Æ°á»£c,nhÆ°ng khÃ´ng lÃ¬ láº¯m","son Ä‘Æ°á»£c , nhÆ°ng khÃ´ng lÃ¬ láº¯m",1.0,cosmetic
22,"cáº­p nháº­t khÃ´ng gÃ¬ vÃ o game khÃ´ng  Ä‘Æ°á»£c , load 79% Ä‘á»©ng hÃ¬nh luÃ´n. má»™t sai láº§m cá»§a cÃ¡c game lÃ  Ä‘Æ°a thÃªm nhiá»u tÃ­nh nÄƒng, cáº­p nháº­t, lÃ m mÃ¡y náº·ng, lag. ngÆ°á»i chÆ¡i pháº£i hoÃ n thÃ nh nhiá»u nhiá»‡m vá»¥, mÃ  sá»‘ khÃ´ng Ã­t ngÆ°á»i chÆ¡i khÃ´ng cÃ³ thá»i gian, Ä‘Ã¢m ra náº£n rá»“i xoÃ¡ game.","cáº­p_nháº­t khÃ´ng gÃ¬ vÃ o game khÃ´ng Ä‘Æ°á»£c , load 79 % Ä‘á»©ng hÃ¬nh luÃ´n . má»™t sai_láº§m cá»§a cÃ¡c game lÃ  Ä‘Æ°a thÃªm nhiá»u tÃ­nh_nÄƒng , cáº­p_nháº­t , lÃ m mÃ¡y náº·ng , lag . ngÆ°á»i chÆ¡i pháº£i hoÃ n_thÃ nh nhiá»u nhiá»‡m_vá»¥ , mÃ  sá»‘ khÃ´ng Ã­t ngÆ°á»i chÆ¡i khÃ´ng cÃ³ thá»i_gian , Ä‘Ã¢m_ra náº£n rá»“i xoÃ¡ game .",1.0,app
23,kem ná»n ok. nhanh khÃ´ khá»“ng nhá»n. giao hÃ ng nhanh. thá»i gian Ä‘áº·t hÃ ng Ä‘áº¿n khi nháº­n hÃ ng chÆ°a Ä‘áº§y 24h,kem ná»n ok . nhanh khÃ´ khá»“ng nhá»n . giao hÃ ng nhanh . thá»i_gian Ä‘áº·t_hÃ ng Ä‘áº¿n khi nháº­n hÃ ng chÆ°a Ä‘áº§y 24h,0.0,cosmetic
24,cao m63 máº·c hÆ¡i ngáº¯n áº¡ cÃ²n quáº§n Ä‘áº¹p hÃ¬nh nÃ¨,cao m63 máº·c hÆ¡i ngáº¯n áº¡ cÃ²n quáº§n Ä‘áº¹p hÃ¬nh nÃ¨,0.0,fashion
25,khÃ´ng cÃ³ sticker hÃ ng lá»—i cháº£ Ä‘Ã¢u vÃ o Ä‘Ã¢u,khÃ´ng cÃ³ sticker hÃ ng lá»—i cháº£ Ä‘Ã¢u vÃ o Ä‘Ã¢u,1.0,fashion
26,váº¥n Ä‘á» lÃ  cÃ i cho 2 sá»‘ Ä‘iá»‡n thoáº¡i trÃªn Ä‘iá»‡n thoáº¡i 2 sim luÃ´n Ä‘á»ƒ khi gá»i Ä‘iá»‡n nÃ³ khÃ´ng nháº¯c mÃ¬nh cÃ i ná»¯a chá»© máº¥t  thá»i gian  quÃ¡,váº¥n_Ä‘á» lÃ  cÃ i cho 2 sá»‘ Ä‘iá»‡n_thoáº¡i trÃªn Ä‘iá»‡n_thoáº¡i 2 sim luÃ´n Ä‘á»ƒ khi gá»i Ä‘iá»‡n nÃ³ khÃ´ng nháº¯c mÃ¬nh cÃ i ná»¯a chá»© máº¥t thá»i_gian quÃ¡,1.0,app
27,tÃ´i thay rat thÃ­ch,tÃ´i thay rat thÃ­ch,0.0,app
28, sáº£n pháº©m  ráº¥t tá»‘t,sáº£n_pháº©m ráº¥t tá»‘t,0.0,cosmetic
29,giao hÃ ng nhanh cháº¥t lÆ°á»£ng  5star  giÃ¡ tiá»n phÃ¹ há»£p,giao hÃ ng nhanh cháº¥t_lÆ°á»£ng 5star giÃ¡ tiá»n phÃ¹_há»£p,0.0,fashion
30,cháº­m cáº­p nháº­t. game giáº­t lag ráº¥t nhiá»u ráº¥t vá»›i cÃ¡c báº£n khÃ¡c. gáº·p hack nhiá»u thÃªm cÃ¡i ná»¯a lÃ  hay bá»‹ Ä‘Ã¡ ra khi Ä‘ang báº¯n. gáº·p váº¥n Ä‘á» quÃ¡ rÃµ rá»‡t nhÆ°ng nhÃ  game khÃ´ng kháº¯c phá»¥c. cháº­m cáº­p nháº­p quÃ¡ admin Æ¡i ngÆ°á»i ta cÃ³ báº£n Ä‘Äƒng háº¡n sá»­ dá»¥ng  má»›i cáº£ tuáº§n rá»“i viá»‡t nam mÃ¬nh váº«n im re váº­y. cÃ³ gÃ¬ thÃ´ng bÃ¡o cho chÃºng tÃ´i vá»›i,cháº­m cáº­p_nháº­t . game giáº­t lag ráº¥t nhiá»u ráº¥t vá»›i cÃ¡c báº£n khÃ¡c . gáº·p hack nhiá»u thÃªm cÃ¡i ná»¯a lÃ  hay bá»‹ Ä‘Ã¡ ra khi Ä‘ang báº¯n . gáº·p váº¥n_Ä‘á» quÃ¡ rÃµ_rá»‡t nhÆ°ng nhÃ  game khÃ´ng kháº¯c_phá»¥c . cháº­m cáº­p nháº­p quÃ¡ admin Æ¡i ngÆ°á»i_ta cÃ³ báº£n Ä‘Äƒng háº¡n sá»­_dá»¥ng má»›i cáº£ tuáº§n rá»“i viá»‡t nam mÃ¬nh váº«n im_re váº­y . cÃ³ gÃ¬ thÃ´ng_bÃ¡o cho chÃºng_tÃ´i vá»›i,1.0,app
31,váº£i tá»‘t quáº§n cháº¥t lÆ°á»£ng láº¯m máº·t náº¡ nÃªn mua,váº£i tá»‘t quáº§n cháº¥t_lÆ°á»£ng láº¯m máº·t_náº¡ nÃªn mua,0.0,fashion
32,ráº» bá»• ngon,ráº» bá»• ngon,0.0,cosmetic
33,á»©ng dá»¥ng ráº¥t lÃ  hay vÃ  bá»• Ã­ch. aP cÃ³ thá»ƒ má»Ÿ thÃªm pháº§n thanh toÃ¡n theo tá»«ng thÃ¡ng khÃ´ng ?,á»©ng_dá»¥ng ráº¥t lÃ  hay vÃ  bá»•_Ã­ch . aP cÃ³_thá»ƒ má»Ÿ thÃªm pháº§n thanh_toÃ¡n theo tá»«ng thÃ¡ng khÃ´ng ?,1.0,app
34,pháº§nã¡ã‚‡ã†ã‹ã„ n3 ráº¥t khÃ³ nghe,pháº§nã¡ã‚‡ã†ã‹ã„ n3 ráº¥t khÃ³ nghe,1.0,app
35, sáº£n pháº©m  tuyá»‡t vá»i ráº¥t vá»›i giÃ¡...,sáº£n_pháº©m tuyá»‡t_vá»i ráº¥t vá»›i giÃ¡ ...,0.0,mobile
36,hÃ ng Ä‘áº¹p láº¯m áº¡ nhÆ°ng thiáº¿u 2 stickerğŸ¤¦â€â™€,hÃ ng Ä‘áº¹p láº¯m áº¡ nhÆ°ng thiáº¿u 2 sticker ğŸ¤¦ â€ â™€,1.0,fashion
37,game hay nhÆ°ng láº¡i yÃªu cáº§u nÃ¢ng cáº¥p mÃ´n khÃ¡ch vá»›i áº£i vÃ  cÃ¡c hÃ i nhi khÃ³ khÄƒn nÃ¢ng cáº¥p khi khÃ´ng cÃ²n tiá»n áº£i thÃ¬ eo cÃ³ con lÃ­nh nuÃ´i con mÃ  Ä‘á»£i lÃ¢u quÃ¡ trá»i hoáº¡t Ä‘an thÃ¬ chá»‰ cÃ³ máº¥y cÃ¡i tÃ­nh cáº¯t cá»• ngÆ°á»i khÃ¡c Ã ! game thÃ¬ chÃ¡n mÃ  láº¡i nhÆ° tháº¿ thÃ¬ dáº¹p Ä‘i. anh cÃ²n ná»¯a Ä‘á»“ hoáº¡ thÄƒm há»i vá»›i con cÃ¡i khÃ´ng Ä‘áº¹p náº¿u cÃ³ ... bÃ i Ä‘Ã¡nh giÃ¡ Ä‘áº§y Ä‘á»§,game hay nhÆ°ng láº¡i yÃªu_cáº§u nÃ¢ng_cáº¥p mÃ´n khÃ¡ch vá»›i áº£i vÃ  cÃ¡c hÃ i nhi khÃ³_khÄƒn nÃ¢ng_cáº¥p khi khÃ´ng cÃ²n tiá»n áº£i thÃ¬ eo cÃ³ con lÃ­nh nuÃ´i con mÃ  Ä‘á»£i lÃ¢u quÃ¡ trá»i hoáº¡t Ä‘an thÃ¬ chá»‰ cÃ³ máº¥y cÃ¡i tÃ­nh cáº¯t_cá»• ngÆ°á»i khÃ¡c Ã  ! game thÃ¬ chÃ¡n mÃ _láº¡i nhÆ° tháº¿_thÃ¬ dáº¹p Ä‘i . anh cÃ²n ná»¯a Ä‘á»“_hoáº¡ thÄƒm_há»i vá»›i con_cÃ¡i khÃ´ng Ä‘áº¹p náº¿u cÃ³ ... bÃ i Ä‘Ã¡nh_giÃ¡ Ä‘áº§y_Ä‘á»§,1.0,app
38,"Ä‘iá»‡n thoáº¡i má»›i, nguyÃªn seal .giao nhanh chá»‰ chá» má»™t ngÃ y lÃ  nháº­n Ä‘Æ°á»£c. má»›i xÃ i thÃ¬ tháº¥y Ä‘Æ°á»£c ,cÃ²n vá» lÃ¢u dÃ i má»›i biáº¿t cháº¥t lÆ°á»£ng tháº¿ nÃ o","Ä‘iá»‡n_thoáº¡i má»›i , nguyÃªn seal . giao nhanh chá»‰ chá» má»™t ngÃ y lÃ  nháº­n Ä‘Æ°á»£c . má»›i xÃ i thÃ¬ tháº¥y Ä‘Æ°á»£c , cÃ²n vá» lÃ¢u_dÃ i má»›i biáº¿t cháº¥t_lÆ°á»£ng tháº¿_nÃ o",0.0,mobile
39,mÃ¬nh Ä‘áº·t lÃ  loáº¡i chai xá»‹t nhÆ° nÃ y nhÆ°ng hÃ ng nháº­n láº¡i lÃ  chai Ä‘Ã³ng náº¯p. vÃ  khÃ´ng cÃ³ quÃ  táº·ng kÃ¨m nhÆ° khuyáº¿n mÃ£i. mong chá»§  cá»­a hÃ ng  xem láº¡i,mÃ¬nh Ä‘áº·t lÃ  loáº¡i chai xá»‹t nhÆ° nÃ y nhÆ°ng hÃ ng nháº­n láº¡i lÃ  chai Ä‘Ã³ng náº¯p . vÃ  khÃ´ng cÃ³ quÃ  táº·ng kÃ¨m nhÆ° khuyáº¿n_mÃ£i . mong chá»§ cá»­a_hÃ ng xem_láº¡i,1.0,cosmetic
40,má»›i vÃ´ Ä‘Æ°á»£c kc frE Ä‘Ãºng lÃ  chá»§ game cÃ³ khÃ¡c tÃ´i cho luÃ´n  5star  Ä‘á»ƒ sau nÃ y phÃ¡t triá»ƒn máº¡nh hÆ¡n ná»¯a  positive )))),má»›i vÃ´ Ä‘Æ°á»£c kc frE Ä‘Ãºng lÃ  chá»§ game cÃ³ khÃ¡c tÃ´i cho luÃ´n 5star Ä‘á»ƒ sau_nÃ y phÃ¡t_triá»ƒn máº¡nh hÆ¡n ná»¯a positive ) ) ) ),0.0,app
41,Ä‘áº¹p rts tá»‘t nÃªn mua há»£p giÃ¡ tiá»n nhÆ°ng mÃ  giá»‘ng pháº¿ch,Ä‘áº¹p rts tá»‘t nÃªn mua há»£p giÃ¡ tiá»n nhÆ°ng mÃ  giá»‘ng pháº¿ch,0.0,fashion
42,cho há»i aP lÃ  táº¡i sao khi má»›i táº£i xong áº¥n vÃ o Ä‘á»ƒ chÆ¡i mÃ  nÃ³ cá»© xoay vÃ²ng vÃ²ng mÃ£i khÃ´ng Ä‘Æ°á»£c tháº¿ ğŸ’ğŸ’ğŸ’. mong aP giáº£i Ä‘Ã¡p tháº¯c máº¯c nÃ y.,cho há»i aP lÃ  táº¡i_sao khi má»›i táº£i xong áº¥n vÃ o Ä‘á»ƒ chÆ¡i mÃ  nÃ³ cá»© xoay vÃ²ng_vÃ²ng mÃ£i khÃ´ng Ä‘Æ°á»£c tháº¿ ğŸ’ ğŸ’ ğŸ’ . mong aP giáº£i_Ä‘Ã¡p tháº¯c_máº¯c nÃ y .,1.0,app
43,"cÃ ng ngÃ y cÃ ng tá»‡, tá»« khi khÃ´ng cho kiá»ƒm tra hÃ ng trÆ°á»›c, luÃ´n lÃ  sáº£n pháº©m kÃ©m cháº¥t lÆ°á»£ng, Ã¡o quáº§n mua vá» khÃ´ng báº±ng miáº¿ng dáº½ lÃ¢u... kÃªu lÃ  cÃ³ gÃ¬ thÃ¬ liÃªn há»‡ vá»›i bá»™ pháº­n chÄƒm sÃ³c khÃ¡ch hÃ ng, nhÆ°ng khi giáº£i quyáº¿t thÃ¬ Ã¢u Æ¡ vÃ­ dáº§u, Ä‘á»•i Ä‘i Ä‘á»•i láº¡i 3 thÃ¡ng váº«n chÆ°a xong, kÃªu tráº£ tiá»n láº¡i thÃ¬ khÃ´ng chá»‹u tr... bÃ i Ä‘Ã¡nh giÃ¡ Ä‘áº§y Ä‘á»§","cÃ ng ngÃ y_cÃ ng tá»‡ , tá»« khi khÃ´ng cho kiá»ƒm_tra hÃ ng trÆ°á»›c , luÃ´n lÃ  sáº£n_pháº©m kÃ©m cháº¥t_lÆ°á»£ng , Ã¡o_quáº§n mua vá» khÃ´ng báº±ng miáº¿ng dáº½ lÃ¢u ... kÃªu lÃ  cÃ³ gÃ¬ thÃ¬ liÃªn_há»‡ vá»›i bá»™_pháº­n chÄƒm_sÃ³c khÃ¡ch_hÃ ng , nhÆ°ng khi giáº£i_quyáº¿t thÃ¬ Ã¢u Æ¡ vÃ­_dáº§u , Ä‘á»•i Ä‘i Ä‘á»•i láº¡i 3 thÃ¡ng váº«n chÆ°a xong , kÃªu tráº£ tiá»n láº¡i thÃ¬ khÃ´ng chá»‹u tr ... bÃ i Ä‘Ã¡nh_giÃ¡ Ä‘áº§y_Ä‘á»§",1.0,app
44,"game cÃ³ quÃ¡ nhiá»u thÃ nh pháº§n khÃ´ng tá»‘t, nhÆ° nhá»¯ng ngÆ°á»i lá»›n tuá»•i hay nhá» tuá»•i Ä‘á»u cÃ³ nhá»¯ng thÃ nh vi khÃ´ng tá»‘t, Äƒn nÃ³i khÃ´ng cÃ³ Ä‘áº¡o Ä‘á»©c, vÃ  ráº¥t chá»­a tá»¥c, cáº§n checking nhá»¯ng aC Ä‘Ã³, vÃ  khoÃ¡ aC náº¿u 3 phiáº¿u tá»‘ cao nhiá»u láº§n, hoáº·c nhiá»u tá»‘ cÃ¡o trong nhá»¯ng tráº­n liÃªn tá»¥c, vÃ  cáº§n nghiÃªm kháº¯c hÆ¡n trong viá»‡c tá»‘ cÃ¡o, ... bÃ i Ä‘Ã¡nh giÃ¡ Ä‘áº§y Ä‘á»§","game cÃ³ quÃ¡ nhiá»u thÃ nh_pháº§n khÃ´ng tá»‘t , nhÆ° nhá»¯ng ngÆ°á»i lá»›n_tuá»•i hay nhá»_tuá»•i Ä‘á»u cÃ³ nhá»¯ng thÃ nh vi khÃ´ng tá»‘t , Äƒn_nÃ³i khÃ´ng cÃ³ Ä‘áº¡o_Ä‘á»©c , vÃ  ráº¥t chá»­a tá»¥c , cáº§n checking nhá»¯ng aC Ä‘Ã³ , vÃ  khoÃ¡ aC náº¿u 3 phiáº¿u tá»‘ cao nhiá»u láº§n , hoáº·c nhiá»u tá»‘_cÃ¡o trong nhá»¯ng tráº­n liÃªn_tá»¥c , vÃ  cáº§n nghiÃªm_kháº¯c hÆ¡n trong viá»‡c tá»‘_cÃ¡o , ... bÃ i Ä‘Ã¡nh_giÃ¡ Ä‘áº§y_Ä‘á»§",1.0,app
45, sáº£n pháº©m  tá»‘t nhÃ©,sáº£n_pháº©m tá»‘t nhÃ©,0.0,cosmetic
46,á»©ng dá»¥ng phiÃªn báº£n vá» sau tá»‡ quÃ¡. báº¯t cáº­p nháº­t dá»¯ liá»‡u oFline suá»‘t. Ä‘á» nghá»‹ bá» cáº­p nháº­t dá»¯ liá»‡u oFline Ä‘i. lÃºc cáº§n gáº¥p mÃ  khÃ´ng cÃ³ máº¡ng thÃ¬ coi nhÆ° há»ng. cÃ³ á»©ng dá»¥ng nhÆ° khÃ´ng. pháº£i cháº¡y ra chá»— cÃ³ wifi hay internet Ä‘á»ƒ cáº­p nháº­t dá»¯ liá»‡u oFline. phiá»n phá»©c quÃ¡,á»©ng_dá»¥ng phiÃªn_báº£n vá» sau tá»‡ quÃ¡ . báº¯t cáº­p_nháº­t dá»¯_liá»‡u oFline suá»‘t . Ä‘á»_nghá»‹ bá» cáº­p_nháº­t dá»¯_liá»‡u oFline Ä‘i . lÃºc cáº§n gáº¥p mÃ  khÃ´ng cÃ³ máº¡ng thÃ¬ coi nhÆ° há»ng . cÃ³ á»©ng_dá»¥ng nhÆ°_khÃ´ng . pháº£i cháº¡y ra chá»— cÃ³ wifi hay internet Ä‘á»ƒ cáº­p_nháº­t dá»¯_liá»‡u oFline . phiá»n_phá»©c quÃ¡,1.0,app
47,sáº£n pháº©m tuyá»‡t vá»i,sáº£n_pháº©m tuyá»‡t_vá»i,0.0,fashion
48,hÃ ng Ä‘áº¹p shiPer thÃ¢n thiá»‡n.  5star ,hÃ ng Ä‘áº¹p shiPer thÃ¢n_thiá»‡n . 5star,0.0,mobile
49,"vá»«a Ä‘áº·t hÃ´m qua, hÃ´m nay hÃ ng giao tá»›i, giao hÃ ng nhanh tháº­t, cháº¥t lÆ°á»£ng thÃ¬ quÃ¡ Ä‘Æ°á»£c ğŸ™†","vá»«a Ä‘áº·t hÃ´m_qua , hÃ´m_nay hÃ ng giao tá»›i , giao hÃ ng nhanh tháº­t , cháº¥t_lÆ°á»£ng thÃ¬ quÃ¡ Ä‘Æ°á»£c ğŸ™†",0.0,cosmetic
50,"trÃªn  quáº£ ngÆ°á»i cÃ¡o cÃ³ quÃ  táº·ng, mÃ  giao hÃ ng khÃ´ng cÃ³. khÃ´ng hÃ i lÃ²ng chÃºt nÃ o .dÃ¹ lÃ  quÃ  khÃ´ng khÃ´ng dÃ¹ng Ä‘Æ°á»£c cÅ©ng pháº£i tÄƒng nhÆ°  quáº£ ngÆ°á»i cÃ¡o chá»© ğŸ˜¡ğŸ˜¡ğŸ˜¡ğŸ˜¡","trÃªn quáº£ ngÆ°á»i cÃ¡o cÃ³ quÃ  táº·ng , mÃ  giao hÃ ng khÃ´ng cÃ³ . khÃ´ng hÃ i_lÃ²ng chÃºt nÃ o . dÃ¹ lÃ  quÃ  khÃ´ng khÃ´ng dÃ¹ng Ä‘Æ°á»£c cÅ©ng pháº£i tÄƒng nhÆ° quáº£ ngÆ°á»i cÃ¡o chá»© ğŸ˜¡ ğŸ˜¡ ğŸ˜¡ ğŸ˜¡",1.0,cosmetic
51,"khÃ´ng hiá»ƒu ná»•i. á»©ng dá»¥ng 4, 5star   nhÆ°ng cÃ³ thá»ƒ tá»± huá»· Ä‘Æ¡n hÃ ng cá»§a ngÆ°á»i mua vá»›i lá»—i lÆ°u kho, quÄƒng cho má»™t mÃ£ giáº£m giÃ¡ 5% vÃ  lá»i xin lá»—i tá»± Ä‘á»™ng. mÃ¬nh mua hÃ ng cÅ©ng nhiá»u trÃªn á»©ng dá»¥ng nÃ y nhÆ°ng giá» láº¡i cáº£m tháº¥y khÃ´ng tin tÆ°á»Ÿng Ä‘Æ°á»£c ná»¯a. máº¥t thá»i gian cá»§a nhau.","khÃ´ng hiá»ƒu ná»•i . á»©ng_dá»¥ng 4 , 5star nhÆ°ng cÃ³_thá»ƒ tá»± huá»· Ä‘Æ¡n hÃ ng cá»§a ngÆ°á»i mua vá»›i lá»—i lÆ°u kho , quÄƒng cho má»™t mÃ£ giáº£m_giÃ¡ 5 % vÃ  lá»i xin_lá»—i tá»±_Ä‘á»™ng . mÃ¬nh mua hÃ ng cÅ©ng nhiá»u trÃªn á»©ng_dá»¥ng nÃ y nhÆ°ng giá» láº¡i cáº£m_tháº¥y khÃ´ng tin_tÆ°á»Ÿng Ä‘Æ°á»£c ná»¯a . máº¥t thá»i_gian cá»§a nhau .",1.0,app
52,"chuáº©n mÃ u, Ä‘áº¹p","chuáº©n mÃ u , Ä‘áº¹p",0.0,cosmetic
53,"tÃ´i ráº¥t thÃ­ch game nÃ y nhÆ°ng cÃ ng lÃºc cáº¥u hÃ¬nh game cÃ ng náº·ng, tháº­t sá»± ráº¥t lag luÃ´n, mÃ¡y bÃªn tÃ´i lÃºc nÃ o cÅ©ng trá»… hÆ¡n bÃªn Ä‘á»“ng Ä‘á»™i vÃ i giÃ¢y, cÃ³ khi cÃ²n bá»‹ Ä‘á»©ng hÃ¬nh hay cá»© bá»‹ cháº¡y giáº­t lÃ¹i do káº¿t ná»‘i máº¡ng ná»¯a. mong game cÃ³ cÃ¡ch kháº¯c phá»¥c chá»© game cÃ ng lÃºc cÃ ng náº·ng thÃ¬ ngÆ°á»i khÃ´ng cÃ³ Ä‘iá»u kiá»‡n Ä‘á»•i m... bÃ i Ä‘Ã¡nh giÃ¡ Ä‘áº§y Ä‘á»§","tÃ´i ráº¥t thÃ­ch game nÃ y nhÆ°ng cÃ ng lÃºc cáº¥u_hÃ¬nh game cÃ ng náº·ng , tháº­t_sá»± ráº¥t lag luÃ´n , mÃ¡y bÃªn tÃ´i lÃºc_nÃ o cÅ©ng trá»… hÆ¡n bÃªn Ä‘á»“ng_Ä‘á»™i vÃ i giÃ¢y , cÃ³ khi cÃ²n bá»‹ Ä‘á»©ng hÃ¬nh hay cá»© bá»‹ cháº¡y giáº­t_lÃ¹i do káº¿t_ná»‘i_máº¡ng ná»¯a . mong game cÃ³ cÃ¡ch kháº¯c_phá»¥c chá»© game cÃ ng lÃºc cÃ ng náº·ng thÃ¬ ngÆ°á»i khÃ´ng cÃ³ Ä‘iá»u_kiá»‡n Ä‘á»•i m ... bÃ i Ä‘Ã¡nh_giÃ¡ Ä‘áº§y_Ä‘á»§",1.0,app
54,nÃ³i lÃ   Ä‘Æ°á»£c  táº·ng khi mua hoÃ¡ Ä‘Æ¡n 486k trá»Ÿ lÃªn mÃ  khÃ´ng tháº¥y cÃ³ gÃ¬.ráº¥t tháº¥t vá»ng.,nÃ³i lÃ  Ä‘Æ°á»£c táº·ng khi mua hoÃ¡_Ä‘Æ¡n 486k trá»Ÿ lÃªn mÃ  khÃ´ng tháº¥y cÃ³ gÃ¬ . ráº¥t tháº¥t_vá»ng .,1.0,cosmetic
55,"frE fire lÃ  tá»±a game báº¯n sÃºng sinh tá»‘n hot nháº¥t trÃªn mobile. khÃ´ng máº¥t quÃ¡ nhiá»u thá»i gian cho ngÆ°á»i chÆ¡i, má»—i 10 phÃºt báº¡n cÃ³ thá»ƒ chiáº¿n Ä‘áº¥u vá»›i 49 ngÆ°á»i chÆ¡i khÃ¡c, táº¥t cáº£ vÃ¬ má»¥c tiÃªu tá»“n táº¡i Ä‘áº¿n cuá»‘i cÃ¹ng. ngÆ°á»i chÆ¡i cÃ³ thá»ƒ tuá»³ chá»n vá»‹ trÃ­ Ä‘á»ƒ nháº£y dÃ¹, Ä‘Ã¡p xuá»‘ng, thu tháº­p váº­t pháº©m Ä‘á»ƒ chá»‘ng láº¡i ngÆ°á»i... bÃ i Ä‘Ã¡nh giÃ¡ Ä‘áº§y Ä‘á»§","frE fire lÃ  tá»±a game báº¯n sÃºng sinh tá»‘n hot nháº¥t trÃªn mobile . khÃ´ng máº¥t quÃ¡ nhiá»u thá»i_gian cho ngÆ°á»i chÆ¡i , má»—i 10 phÃºt báº¡n cÃ³_thá»ƒ chiáº¿n_Ä‘áº¥u vá»›i 49 ngÆ°á»i chÆ¡i khÃ¡c , táº¥t_cáº£ vÃ¬ má»¥c_tiÃªu tá»“n_táº¡i Ä‘áº¿n cuá»‘i_cÃ¹ng . ngÆ°á»i chÆ¡i cÃ³_thá»ƒ tuá»³ chá»n vá»‹_trÃ­ Ä‘á»ƒ nháº£y_dÃ¹ , Ä‘Ã¡p xuá»‘ng , thu_tháº­p váº­t_pháº©m Ä‘á»ƒ chá»‘ng láº¡i_ngÆ°á»i ... bÃ i Ä‘Ã¡nh_giÃ¡ Ä‘áº§y_Ä‘á»§",0.0,app
56,thang suc vat nao quang cao vay keu no di chet di (ko tien khÃ´ng linh sao choi....choi cai lá»“n M thang suc vat),thang suc vat nao quang cao vay keu no di_chet_di ( ko tien khÃ´ng linh sao choi ... . choi cai lá»“n M thang suc vat ),1.0,app
57,Ä‘áº¹p giao Ä‘Ãºng hÃ¬nh nhÆ°ng  cá»¡  lá»“n hÆ¡i cháº­t,Ä‘áº¹p giao Ä‘Ãºng hÃ¬nh nhÆ°ng cá»¡ lá»“n hÆ¡i cháº­t,1.0,fashion
58,sÃ i thÃ­ch láº¯m,sÃ i thÃ­ch láº¯m,0.0,cosmetic
59,"giao hÃ ng nhanh, cháº¥t lÆ°á»£ng chÆ°a biáº¿t","giao hÃ ng nhanh , cháº¥t_lÆ°á»£ng chÆ°a biáº¿t",0.0,cosmetic
60, cá»­a hÃ ng  giao thiáº¿u quÃ  táº·ng lÃ  nÆ°á»›c táº©y trang rá»“i!,cá»­a_hÃ ng giao thiáº¿u quÃ  táº·ng lÃ  nÆ°á»›c táº©y_trang rá»“i !,1.0,cosmetic
61,hÃ ng Ä‘Ã³ng gÃ³i Ä‘áº¹p mÃ¡y nguyÃªn zin .tá»‘t trong táº§m giÃ¡ nÃ y quÃ¡ Ä‘Æ°á»£c,hÃ ng Ä‘Ã³ng_gÃ³i Ä‘áº¹p mÃ¡y nguyÃªn zin . tá»‘t trong táº§m giÃ¡ nÃ y quÃ¡ Ä‘Æ°á»£c,0.0,mobile
62,giao hÃ ng nhanh.  háº¡n sá»­ dá»¥ng  cá»§a sáº£n pháº©m cÅ©.,giao hÃ ng nhanh . háº¡n sá»­_dá»¥ng cá»§a sáº£n_pháº©m cÅ© .,1.0,cosmetic
63,sáº£n pháº©m Ä‘Ãºng nhÆ° trong hÃ¬nh ráº¥t Ä‘áº¹p,sáº£n_pháº©m Ä‘Ãºng nhÆ° trong hÃ¬nh ráº¥t Ä‘áº¹p,0.0,fashion
64,khÃ´ng giá»‘ng hÃ¬nh,khÃ´ng giá»‘ng hÃ¬nh,1.0,fashion
65,son lÃªn mÃ u ráº¥t Ä‘áº¹p,son lÃªn mÃ u ráº¥t Ä‘áº¹p,0.0,cosmetic
66,"game nÃ y hÃºt mÃ¡u kinh láº¯m, ban Ä‘áº§u chÆ¡i sáº½ bá»‹ cuá»‘n hÃºt, sá»‘ tiá»n náº¡p ráº¥t nhá». nhÆ°ng cÃ ng chÆ¡i giÃ¡ tiá»n náº¡p sáº½ cÃ ng cao. má»™t server chá»‰ tá»“n táº¡i khoáº£ng vÃ i thÃ¡ng, sau Ä‘Ã³ sáº½ thÃ nh server cháº¿t. ai náº¡p nhiá»u sáº½ ráº¥t tiáº¿c. báº£n cáº­p nháº­t má»›i ra khi dá»‹ch chuyá»ƒn lÃ­nh má»›i bá»‹ vÄƒng khá»i game. Ä‘Ã£ thá»­ trÃªn nhiá»u mÃ¡y m... bÃ i Ä‘Ã¡nh giÃ¡ Ä‘áº§y Ä‘á»§","game nÃ y hÃºt mÃ¡u kinh láº¯m , ban_Ä‘áº§u chÆ¡i sáº½ bá»‹ cuá»‘n_hÃºt , sá»‘ tiá»n náº¡p ráº¥t nhá» . nhÆ°ng cÃ ng chÆ¡i giÃ¡ tiá»n náº¡p sáº½ cÃ ng cao . má»™t server chá»‰ tá»“n_táº¡i khoáº£ng vÃ i thÃ¡ng , sau Ä‘Ã³ sáº½ thÃ nh server cháº¿t . ai náº¡p nhiá»u sáº½ ráº¥t tiáº¿c . báº£n cáº­p_nháº­t má»›i ra khi dá»‹ch_chuyá»ƒn lÃ­nh má»›i bá»‹ vÄƒng khá»i game . Ä‘Ã£ thá»­ trÃªn nhiá»u mÃ¡y m ... bÃ i Ä‘Ã¡nh_giÃ¡ Ä‘áº§y_Ä‘á»§",1.0,app
67,"hÃ ng tá»‘t, giao hÃ ng Ä‘Ãºng háº¹n. cáº§n cÃ³ thÃªm lá»›p Ä‘á»‡m báº£o vá»‡ trong há»™p.","hÃ ng tá»‘t , giao hÃ ng Ä‘Ãºng háº¹n . cáº§n cÃ³ thÃªm lá»›p Ä‘á»‡m báº£o_vá»‡ trong há»™p .",0.0,mobile
68,zai xin lá»—i nhá» quÃ¡ 50  khÃ´ng máº·c vá»«a  cá»­a hÃ ng  cho Ä‘á»•i láº¡i zai lá»›n Ä‘Æ°á»£c khÃ´ng,zai xin_lá»—i nhá» quÃ¡ 50 khÃ´ng máº·c vá»«a cá»­a_hÃ ng cho Ä‘á»•i láº¡i zai lá»›n Ä‘Æ°á»£c khÃ´ng,1.0,fashion
69,cÃ ng dÃ¹ng má»¥n cÃ ng ná»•i nhiá»u,cÃ ng dÃ¹ng má»¥n cÃ ng ná»•i nhiá»u,1.0,cosmetic
70,trÆ°á»›c lÃºc sá»­ dá»¥ng nhÃ£n_hiá»‡u C da mÃ¬nh cÃ³ lá»— chÃ¢n lÃ´ng to vá»›i bá»‹ xáº¡m. khi dung rá»“i thÃ¬ tháº­t sá»± tháº¥y tá»‘t láº¯m vá»›i ngoÃ i viá»‡c lÃ m sÃ¡ng da thÃ¬ em nÃ³ cÃ²n giÃºp se khÃ­t lá»— chÃ¢n lÃ´ng ná»¯a chá»‹ em nÃªn mua dÃ¹ng.,trÆ°á»›c lÃºc sá»­_dá»¥ng nhÃ£n_hiá»‡u C da mÃ¬nh cÃ³ lá»— chÃ¢n_lÃ´ng to vá»›i bá»‹ xáº¡m . khi dung rá»“i thÃ¬ tháº­t_sá»± tháº¥y tá»‘t láº¯m vá»›i ngoÃ i viá»‡c_lÃ m sÃ¡ng da thÃ¬ em nÃ³ cÃ²n giÃºp se khÃ­t lá»— chÃ¢n_lÃ´ng ná»¯a chá»‹_em nÃªn mua dÃ¹ng .,0.0,cosmetic
71,quáº§n khÃ´ng giá»‘ng mÃ u,quáº§n khÃ´ng giá»‘ng mÃ u,1.0,fashion
72,hÃ ng Ä‘áº¹p váº£i tá»‘t nÃªn em sáº½ á»§ng há»™  cá»­a hÃ ng  nhiá»u hÆ¡n,hÃ ng Ä‘áº¹p váº£i tá»‘t nÃªn em sáº½ á»§ng_há»™ cá»­a_hÃ ng nhiá»u hÆ¡n,0.0,fashion
73,Ä‘Ã³ng gÃ³i cá»±c kÃ¬ cáº©n tháº­n,Ä‘Ã³ng_gÃ³i cá»±c_kÃ¬ cáº©n_tháº­n,0.0,cosmetic
74,"game cÃ ng ngÃ y cÃ ng chÃ¡n. vá»«a má»›i chá»‰ nháº¥n nháº§m vÃ o nÃºt thoÃ¡t ra, xong vÃ o láº¡i. thÃ¬ láº¡i báº¯t mÃ¬nh vÃ o láº¡i tá»« Ä‘áº§u, trong khi mÃ¬nh Ä‘Ã£ vÃ o tráº­n Ä‘áº¥u. vÃ  cÃ³ má»™t lá»—i ráº¥t lá»›n vÃ  cÅ©ng khÃ´ng biáº¿t cÃ³ ai bá»‹ nhÆ° tÃ´i k, lÃ  cá»© chÆ¡i  Ä‘Æ°á»£c  thá»i gian, khi mÃ¬nh vÃ o láº¡i thÃ¬ mÃ n hÃ¬nh tá»‘i thui. nhiá»u lÃºc cá»© pháº£i xoÃ¡ Ä‘i, táº£i... bÃ i Ä‘Ã¡nh giÃ¡ Ä‘áº§y Ä‘á»§","game cÃ ng ngÃ y_cÃ ng chÃ¡n . vá»«a_má»›i chá»‰ nháº¥n nháº§m vÃ o nÃºt thoÃ¡t ra , xong vÃ o láº¡i . thÃ¬ láº¡i báº¯t mÃ¬nh vÃ o láº¡i tá»« Ä‘áº§u , trong khi mÃ¬nh Ä‘Ã£ vÃ o tráº­n_Ä‘áº¥u . vÃ  cÃ³ má»™t lá»—i ráº¥t lá»›n vÃ  cÅ©ng khÃ´ng biáº¿t cÃ³ ai bá»‹ nhÆ° tÃ´i k , lÃ  cá»© chÆ¡i Ä‘Æ°á»£c thá»i_gian , khi mÃ¬nh vÃ o láº¡i thÃ¬ mÃ n_hÃ¬nh tá»‘i thui . nhiá»u lÃºc cá»© pháº£i xoÃ¡ Ä‘i , táº£i ... bÃ i Ä‘Ã¡nh_giÃ¡ Ä‘áº§y_Ä‘á»§",1.0,app
75,"cháº¥t lÆ°á»£ng, nhÆ° hÃ¬nh","cháº¥t_lÆ°á»£ng , nhÆ° hÃ¬nh",0.0,fashion
76,"giao hang nhanh, dong goi can than, nv giao hang nhiet tinh","giao hang nhanh , dong goi can than , nv giao hang nhiet tinh",0.0,cosmetic
77,"game nÃ y tÃ´i chÆ¡i ráº¥t vui.cÃ¡c phiÃªn báº£n cáº­p nháº­t nÃ y,cÃ¡c cháº¿ Ä‘á»™ sinh tá»“n nÃ y Ä‘Ã£ Ä‘á»u mang láº¡i cáº£m giÃ¡c sáº£ng khoÃ¡i cho má»—i ngÆ°á»i Ä‘Ã£ chÆ¡i tá»±a game nÃ y.tá»±a game mÃ  tÃ´i Ä‘Ã£ yÃªu quÃ­ nháº¥t vÃ  nÃ³ Ä‘Ã£ mang láº¡i cho tÃ´i nhiá»u cáº£m giÃ¡c lÃºc vui,sá»£,buá»“n.cÃ¡c báº¡n hÃ£y táº£i tá»±a game nÃ y nhanh.(i thÃ­ch mini world block art... bÃ i Ä‘Ã¡nh giÃ¡ Ä‘áº§y Ä‘á»§","game nÃ y tÃ´i chÆ¡i ráº¥t vui . cÃ¡c phiÃªn_báº£n cáº­p_nháº­t nÃ y , cÃ¡c cháº¿_Ä‘á»™_sinh_tá»“n nÃ y Ä‘Ã£ Ä‘á»u mang láº¡i cáº£m_giÃ¡c sáº£ng_khoÃ¡i cho má»—i ngÆ°á»i Ä‘Ã£ chÆ¡i tá»±a game nÃ y . tá»±a game mÃ  tÃ´i Ä‘Ã£ yÃªu_quÃ­ nháº¥t vÃ  nÃ³ Ä‘Ã£ mang láº¡i cho tÃ´i nhiá»u cáº£m_giÃ¡c lÃºc vui , sá»£ , buá»“n . cÃ¡c báº¡n hÃ£y táº£i tá»±a game nÃ y nhanh . ( i thÃ­ch mini world block art ... bÃ i Ä‘Ã¡nh_giÃ¡ Ä‘áº§y_Ä‘á»§",0.0,app
78,"dÃ©p Ä‘áº¹p, giao hÃ ng nhanh, nhÆ°ng khÃ´ng cÃ³ hiá»‡u cÃ¡  xáº¥u  ngoÃ i sau gÃ³t chÃ¢n","dÃ©p Ä‘áº¹p , giao hÃ ng nhanh , nhÆ°ng khÃ´ng cÃ³ hiá»‡u cÃ¡ xáº¥u ngoÃ i sau gÃ³t chÃ¢n",1.0,fashion
79,game ráº¥t hay nhÆ°ng hÃ£y lÃ m thÃªm má»™t sá»‘ thá»© nhÆ° Ã´ tÃ´ vÃ  lÃ m thÃªm nhiá»u xe má»›i vÃ  lÃ m cho Ä‘Æ°á»ng Ä‘ua dÃ i thÃªm vÃ  cho thÃªm cháº¿ Ä‘á»™ Ä‘ua cÃ¹ng báº¡n bÃ¨ nhÃ© mong admin lÃ m <3,game ráº¥t hay nhÆ°ng hÃ£y lÃ m thÃªm má»™t_sá»‘ thá»© nhÆ° Ã´_tÃ´ vÃ  lÃ m thÃªm nhiá»u xe má»›i vÃ  lÃ m cho Ä‘Æ°á»ng Ä‘ua dÃ i thÃªm vÃ  cho thÃªm cháº¿_Ä‘á»™ Ä‘ua cÃ¹ng báº¡n_bÃ¨ nhÃ© mong admin lÃ m < 3,1.0,app
80,hang Ä‘áº¹p Ä‘Æ°á»£c,hang Ä‘áº¹p Ä‘Æ°á»£c,0.0,fashion
81,game chÆ¡i ráº¥t hay nhÆ°ng cÃ³ Ä‘iá»u Ä‘Ã³ lÃ  hÆ¡i lag,game chÆ¡i ráº¥t hay nhÆ°ng cÃ³ Ä‘iá»u Ä‘Ã³ lÃ  hÆ¡i lag,1.0,app
82,giao hÃ ng nhanh . gÃ³i hÃ ng cáº©n tháº­n ğŸ‘,giao hÃ ng nhanh . gÃ³i hÃ ng cáº©n_tháº­n ğŸ‘,0.0,cosmetic
83,"máº«u giá»‘ng hÃ¬nh, váº£i quáº§n má»ng vÃ  ngáº¯n Ã¡o cháº¥t liá»‡u dÃ y nhÆ°ng cÃ³ chÃºt há»Ÿ chá»‰.","máº«u giá»‘ng hÃ¬nh , váº£i quáº§n má»ng vÃ  ngáº¯n Ã¡o cháº¥t_liá»‡u dÃ y nhÆ°ng cÃ³ chÃºt há»Ÿ chá»‰ .",1.0,fashion
84,khÃ´ng hay >:( ğŸ˜¡ğŸ‘ cho khÃ´ng sao mÃ  khÃ´ng  Ä‘Æ°á»£c  ğŸ˜¡ğŸ˜¡ğŸ˜¡ğŸ˜¡ğŸ˜¡ğŸ˜¡ğŸ˜¡ğŸ˜¡ğŸ˜¡ğŸ˜¡ğŸ˜¡ğŸ˜¡ğŸ˜¡ğŸ˜¡ğŸ˜¡ğŸ˜¡ğŸ˜¡ğŸ‘ğŸ‘ğŸ‘ğŸ‘ğŸ‘ğŸ‘ğŸ‘ğŸ‘ğŸ‘ğŸ‘ğŸ‘ğŸ‘ğŸ‘ğŸ‘ğŸ‘ğŸ‘ğŸ‘ğŸ‘ğŸ‘ğŸ‘ğŸ‘ğŸ‘ğŸ‘ğŸ‘ğŸ‘ğŸ‘ğŸ‘ğŸ‘ğŸ‘ğŸ‘mÃ  khÃ´ng xoÃ¡ qu.cÃ¡o  Ä‘Æ°á»£c  nÃªn tá»©cğŸ˜¡ğŸ˜¡ğŸ˜¡ğŸ˜¡ğŸ˜¡ i hat you,khÃ´ng hay > : ( ğŸ˜¡ ğŸ‘ cho khÃ´ng sao mÃ  khÃ´ng Ä‘Æ°á»£c ğŸ˜¡ ğŸ˜¡ ğŸ˜¡ ğŸ˜¡ ğŸ˜¡ ğŸ˜¡ ğŸ˜¡ ğŸ˜¡ ğŸ˜¡ ğŸ˜¡ ğŸ˜¡ ğŸ˜¡ ğŸ˜¡ ğŸ˜¡ ğŸ˜¡ ğŸ˜¡ ğŸ˜¡ ğŸ‘ ğŸ‘ ğŸ‘ ğŸ‘ ğŸ‘ ğŸ‘ ğŸ‘ ğŸ‘ ğŸ‘ ğŸ‘ ğŸ‘ ğŸ‘ ğŸ‘ ğŸ‘ ğŸ‘ ğŸ‘ ğŸ‘ ğŸ‘ ğŸ‘ ğŸ‘ ğŸ‘ ğŸ‘ ğŸ‘ ğŸ‘ ğŸ‘ ğŸ‘ ğŸ‘ ğŸ‘ ğŸ‘ ğŸ‘ mÃ  khÃ´ng xoÃ¡ qu . cÃ¡o Ä‘Æ°á»£c nÃªn tá»©c ğŸ˜¡ ğŸ˜¡ ğŸ˜¡ ğŸ˜¡ ğŸ˜¡ i hat you,1.0,app
85,tá»‘t ráº¥t hÃ i lÃ²g,tá»‘t ráº¥t hÃ i lÃ²g,0.0,mobile
86,"giá»­ hÃ ng o Ä‘á»§ nhÆ°  quáº£ ngÆ°á»i cÃ¡o, quÃ¡ tháº¥t vá»ng o cÃ³ thÃ¬ Ä‘á»«ng lá»«a váº­y","giá»­ hÃ ng o Ä‘á»§ nhÆ° quáº£ ngÆ°á»i cÃ¡o , quÃ¡ tháº¥t_vá»ng o cÃ³ thÃ¬ Ä‘á»«ng lá»«a_váº­y",1.0,cosmetic
87,"sáº£n pháº©m tá»‘t, láº§n sau nháº¥t Ä‘á»‹nh sáº½ á»§ng há»™ tiáº¿p","sáº£n_pháº©m tá»‘t , láº§n sau nháº¥t_Ä‘á»‹nh sáº½ á»§ng_há»™ tiáº¿p",0.0,fashion
88,Ä‘áº·t mÃ u xanh dÆ°Æ¡ng mÃ  giao mÃ u há»“ng,Ä‘áº·t mÃ u xanh dÆ°Æ¡ng mÃ  giao mÃ u há»“ng,1.0,fashion
89,má»ng tháº¥y cáº£ quáº§n lÃ³t,má»ng tháº¥y cáº£ quáº§n_lÃ³t,1.0,fashion
90,tuyá»‡t vá»i cho ngÆ°á»i khÃ´ng biáº¿t má»™t tÃ­ gÃ¬ nhÆ° tÃ´i,tuyá»‡t_vá»i cho ngÆ°á»i khÃ´ng biáº¿t má»™t_tÃ­ gÃ¬ nhÆ° tÃ´i,0.0,app
91, cá»­a hÃ ng  giao hÃ ng Ä‘Æ°á»£c láº¯m má»i ngÆ°á»i nÃªn mua,cá»­a_hÃ ng giao hÃ ng Ä‘Æ°á»£c láº¯m má»i ngÆ°á»i nÃªn mua,0.0,fashion
92," sáº£n pháº©m  Ä‘áº¹p, cháº¥t lÆ°á»£ng Ä‘Æ°á»£c","sáº£n_pháº©m Ä‘áº¹p , cháº¥t_lÆ°á»£ng Ä‘Æ°á»£c",0.0,fashion
93,admin Æ¡i hÃ£y thÆ°Æ¡ng nhá»¯ng ngÆ°á»i chÆ¡i game nÃ y mÃ  khÃ´ng thá»ƒ Ä‘i tá»›i poke cá»­a hÃ ng   Ä‘Æ°á»£c  hay gym xin hÃ£y cho nhá»¯ng thá»© Ä‘Ã³ á»Ÿ nhá»¯ng tá»‰nh thÃ nh nhá» nhá» Ä‘i nhÆ° tháº¿ sáº½ cÃ³ nhiá»u ngÆ°á»i chÆ¡i láº¯m Ä‘Ã³ tÃ´i mÃª game nÃ y láº¯m nhÆ°ng khÃ´ng thá»ƒ quay poke cá»­a hÃ ng  hay baTle gym nhÆ°ng tÃ´i váº«n chÆ¡i vÃ¬ Ä‘á»£i admin xem xÃ©t láº¡i vÃ  Ä‘Äƒng lÃªn map má»›i ğŸ˜ƒğŸ˜€,admin Æ¡i hÃ£y thÆ°Æ¡ng nhá»¯ng ngÆ°á»i chÆ¡i game nÃ y mÃ  khÃ´ng_thá»ƒ Ä‘i tá»›i poke cá»­a_hÃ ng Ä‘Æ°á»£c hay gym xin hÃ£y cho nhá»¯ng thá»© Ä‘Ã³ á»Ÿ nhá»¯ng tá»‰nh_thÃ nh nhá» nhá» Ä‘i nhÆ° tháº¿ sáº½ cÃ³ nhiá»u ngÆ°á»i chÆ¡i láº¯m Ä‘Ã³ tÃ´i mÃª game nÃ y láº¯m nhÆ°ng khÃ´ng_thá»ƒ quay poke cá»­a_hÃ ng hay baTle gym nhÆ°ng tÃ´i váº«n chÆ¡i vÃ¬ Ä‘á»£i admin xem_xÃ©t_láº¡i vÃ  Ä‘Äƒng lÃªn map má»›i ğŸ˜ƒ ğŸ˜€,1.0,app
94,quáº§n quÃ¡ ngáº¯n vÃ  má»ng,quáº§n quÃ¡ ngáº¯n vÃ  má»ng,1.0,fashion
95,Ä‘Æ°á»£c dÃ¹ váº£i cháº¯c cá»©ng tá»‘t,Ä‘Æ°á»£c dÃ¹ váº£i cháº¯c cá»©ng tá»‘t,0.0,fashion
96,chÆ°a hÃ ng Ä‘Æ°á»£c táº·ng kÃ¨m,chÆ°a hÃ ng Ä‘Æ°á»£c táº·ng kÃ¨m,1.0,cosmetic
97,Ä‘áº·t mÃ u há»“ng giao mÃ u tráº¯ng,Ä‘áº·t mÃ u há»“ng giao mÃ u tráº¯ng,1.0,fashion
98,Ä‘á»“ thÃ¬ giá»‘ng trong hÃ¬nh 90% nhÃ¬n táº¡m Ä‘Æ°á»£c Ä‘áº¹p mÃ  cÃ³ Ä‘iá»u cÃ¡i quáº§n hÆ¡i ngáº¯n vÃ  dÃ¢y phun ráº¥t lÃ  nhá» chá»‰ máº­p á»Ÿ nhÃ  Ä‘Æ°á»£c thÃ´i,Ä‘á»“ thÃ¬ giá»‘ng trong hÃ¬nh 90 % nhÃ¬n táº¡m Ä‘Æ°á»£c Ä‘áº¹p mÃ  cÃ³ Ä‘iá»u cÃ¡i quáº§n hÆ¡i ngáº¯n vÃ  dÃ¢y phun ráº¥t lÃ  nhá» chá»‰ máº­p á»Ÿ nhÃ  Ä‘Æ°á»£c thÃ´i,1.0,fashion
99,"ráº¥t cáº§n cho lÃºc nÃ y, hÆ°á»Ÿng á»©ng ngÆ°á»i dÃ¢n viá»‡t nam ğŸ‡»ğŸ‡³ cÃ¹ng cÃ i Ä‘á»ƒ mag lá»£i Ã­ch Ä‘áº¿n cho báº£n thÃ¢n & cá»™ng Ä‘á»“ng.","ráº¥t cáº§n cho lÃºc nÃ y , hÆ°á»Ÿng_á»©ng ngÆ°á»i dÃ¢n viá»‡t nam ğŸ‡» ğŸ‡³ cÃ¹ng cÃ i Ä‘á»ƒ mag lá»£i_Ã­ch Ä‘áº¿n cho báº£n_thÃ¢n & cá»™ng_Ä‘á»“ng .",0.0,app
